EmployeeID,FullName,Email,Phone,DateOfBirth,Address,SSN,JobTitle,Department,HireDate,Salary,Password
1,Susan Hardin,joshuataylor@dickerson-montgomery.com,+1-587-174-3735x231,2001-11-03,"212 Katherine Turnpike Suite 409, East Gabriel, TN 26518",784-28-1499,Museum/gallery conservator,Engineering,2021-07-22,120313,Y$([#{`m
2,Laura Price MD,dtrujillo@hotmail.com,001-551-912-9525x68284,1968-08-10,"297 Martinez Street, Callahanshire, OR 17945",677-36-3687,Copy,HR,2020-05-30,107462,vAln`*x{
3,Harold Cox,franciscomelendez@weaver.biz,001-544-480-0068x2146,1979-12-20,"236 Simmons Cliff, Mitchellville, NM 27949",660-67-6301,Gaffer,Engineering,2025-05-12,149253,$DWa^CPx
4,John Randall,dakotaaguirre@douglas-diaz.com,(120)991-0426,1988-10-14,"0494 Patrick Road, East Elizabethtown, IN 81717",394-24-6656,"Research officer, trade union",Finance,2015-11-23,69604,]:RQ/@k9
5,Rebecca Schneider,pthomas@hotmail.com,5002360944,1979-11-26,"337 Perez Turnpike, Donaldtown, AL 70685",625-43-1293,Technical sales engineer,Operations,2018-04-30,62279,smd@&<~.
6,Karen Williams,ysmith@jones-reed.info,(635)883-5128,1969-10-04,"PSC 5565, Box 9883, APO AE 22365",104-02-8509,Broadcast presenter,Operations,2017-05-05,93725,"W`,[#>qK"
7,Sarah Cochran,yorkjames@stevens-hines.com,(265)849-5317x11651,1992-12-02,"9903 Jessica Rapid, Amandastad, NM 40306",859-56-2965,Magazine features editor,Engineering,2015-07-20,138713,N[WZ\=e?
8,Jaime Shepherd,wfields@ferguson.com,737-281-4521,1977-06-20,"USNV Martin, FPO AA 74387",868-70-6199,Metallurgist,Engineering,2019-04-13,98771,"$,plCeun"
9,Jason Gallegos,christophervaldez@hotmail.com,870-689-7501x894,1976-01-07,"030 Williams Land, Chambersside, IA 50523",288-66-1696,Chartered public finance accountant,Marketing,2017-02-03,115309,UwsgS}2$
10,Jenna Gomez,jason87@gmail.com,+1-876-832-3044x12668,1969-06-09,"PSC 8476, Box 5163, APO AP 52227",604-12-9307,Conference centre manager,Operations,2024-10-14,54433,og#_CBiN
11,Raymond Jacobs,markwilson@yahoo.com,045.798.3523x9460,1971-03-03,"6100 Manning Turnpike, Danielfurt, IN 31282",749-54-8139,"Surveyor, planning and development",HR,2021-12-01,87968,N]NLBTfw
12,Jonathan Butler,spencergreg@brown-delgado.com,(606)115-4575x53998,1993-11-05,"32946 Roberts Light, East Emily, ID 54646",548-59-2774,"Therapist, art",Finance,2018-10-17,83815,1MbOg5cM
13,Lori Glenn,tabitha25@mcdonald.com,+1-811-247-6974x533,2000-06-19,"Unit 4978 Box 2966, DPO AE 18909",077-56-9094,Warehouse manager,IT,2021-07-07,122192,g&L_RhvL
14,Andrew Black,gblankenship@ramsey.biz,8474664119,1977-05-06,"6080 Kimberly Cape Apt. 215, Port John, SD 20413",079-39-5066,"Psychotherapist, child",IT,2020-02-28,105208,Id2'Sm|5
15,Tyler Stein,joshua48@johnson-oliver.info,683.210.5836,1981-06-21,"218 Boyd Loop Suite 620, New Stephen, IA 71341",241-28-6918,Insurance risk surveyor,Sales,2022-12-26,59359,@{:LN_6=
16,Becky Parks,duartecheryl@carson.net,(102)472-7095,1992-09-20,"093 Kevin Turnpike Apt. 937, East Cynthiabury, IL 49852",628-28-5003,"Engineer, civil (contracting)",Marketing,2022-10-10,103579,lUq)'CDY
17,Michele Vaughn,billy84@hotmail.com,001-225-322-4135x2733,1976-07-28,"4005 Weaver View, Mariaview, AL 22928",728-43-6486,Ophthalmologist,HR,2021-04-06,147165,#B0y1lP|
18,Christopher Cohen,amanda17@robinson.com,4004540751,1996-04-11,"291 Richards Meadow, New Royburgh, NE 68122",700-79-2075,Phytotherapist,Engineering,2019-12-14,75113,T]%`b1w[
19,Shelby Mccarty,michael03@hotmail.com,746.722.1564x7025,1981-02-20,"0469 Huynh Plaza Apt. 862, Lake Crystaltown, AR 96748",083-42-1144,"Chemist, analytical",Sales,2016-05-03,59764,0$Aj%N_r
20,Robert Mosley,bacosta@gmail.com,(863)886-1088x37689,1982-01-25,"7008 Morales Brooks Suite 881, South Stacychester, OK 66858",473-05-2930,"Loss adjuster, chartered",IT,2022-04-15,50831,5dr)P<u]
21,Kari Hart,parkermichael@cole.net,+1-505-987-0333x07664,1996-10-23,"51850 White Estates Apt. 737, New Michael, VA 23791",596-90-0102,"Clinical scientist, histocompatibility and immunogenetics",IT,2025-02-08,106337,+X%sgvGb
22,Alexander Ferguson,qkrueger@yahoo.com,946.031.6512,1984-10-21,"593 Berry Terrace, Katherinetown, DC 06711",024-95-2202,Computer games developer,IT,2024-03-26,137383,}rC4Zvtb
23,Mark Dickerson,xsanders@lewis.biz,+1-055-827-7264,1991-07-01,"78217 Maria Parks, West Billy, PA 94855",460-76-1870,Field seismologist,Marketing,2024-01-24,133068,sLHS2E=x
24,Ronald Morgan,medinaangela@kelly-mcdaniel.org,001-658-633-5010,1981-09-17,"25604 Alexis Trail, Ryanside, WY 18646",341-37-6335,Theatre director,IT,2021-02-25,107810,gW^)@Cq3
25,James Vasquez,staffordsteven@thomas.com,001-546-718-0509x35896,1979-06-15,"091 Miller Centers Apt. 380, East Davidchester, IL 09373",564-88-6753,Contracting civil engineer,Marketing,2018-08-19,99790,V!_DTUZE
26,Derrick Collins,sreed@tyler.com,(527)547-3818x45442,1978-03-13,"71371 Smith Manors Apt. 868, Baldwinport, MN 21388",391-49-6470,Aeronautical engineer,Operations,2016-11-08,99024,cG@M1UOp
27,Ryan Thomas,acarr@schaefer.net,001-094-3600,1993-01-17,"24910 Karen Street, North Kaitlynview, IL 47789",860-70-7399,Agricultural consultant,Engineering,2018-08-19,99759,)!0F7Z\@
28,Teresa Shannon,keith74@wagner.com,001-079-455-0437x115,1969-12-09,"25481 Jackson Via, Lake Justinfort, KY 69666",333-09-1890,Chartered management accountant,Sales,2018-04-24,143713,Wj`q<^$V
29,Brian Reeves,dennis99@hotmail.com,370.025.2242,1985-06-30,"8856 Bryan Creek Suite 349, South Erikaton, AL 66822",779-59-8291,Location manager,HR,2017-01-15,133908,"K"")|nzTu"
30,Benjamin Hart,amyhunter@gmail.com,493-142-9650,1990-07-26,"824 Morgan Terrace, Danielland, IL 37897",201-17-2680,Youth worker,Sales,2019-09-11,111472,/[e:*Oi$
31,Michelle Sanchez,romerocatherine@hotmail.com,464.527.4169x586,1995-10-27,"7038 Herrera Mission Apt. 530, Tamiberg, CA 55782",898-63-3302,Animal nutritionist,Engineering,2017-04-30,146476,H)YlG`~u
32,Tammy Craig,michelle09@mason-mueller.com,(940)176-5772x92580,1978-03-29,"349 Noah Expressway, Armstrongland, RI 34042",858-88-0364,Air broker,IT,2024-07-02,61908,OE;UL.5j
33,Penny Davis,vjohnson@hotmail.com,(806)548-4144x567,1980-12-01,"9804 Stephen Circle, Shellyview, CT 72406",234-57-7956,Best boy,IT,2016-04-13,127019,".<V[ZF""K"
34,Charles Tran,andrewseric@castillo.info,001-154-183-1809x79747,1982-10-06,"255 Castillo Squares Apt. 824, South Vanessa, OK 64293",497-50-2482,Government social research officer,Sales,2024-07-18,82145,+Wz?OHj'
35,Aaron Williams,doylemichael@yahoo.com,001-710-750-3335x33483,1980-04-03,"45957 Walton Pines, Brettborough, MD 55793",236-78-8460,"Psychologist, occupational",IT,2024-11-30,83045,"#V,-c21&"
36,Kathryn Holder,gina87@leonard.com,(027)622-3684,1978-10-21,"933 Brennan Fords, Joycebury, MN 96951",022-74-2889,Science writer,Operations,2019-04-24,143512,W9@}@+Yd
37,Brandi Williams,tstewart@russell.com,013.112.4283,1988-09-30,"0433 Cooper Curve, East Donna, HI 20928",572-89-0017,Environmental consultant,Sales,2022-06-04,140208,kSy=Lgth
38,Susan Jennings,jimmysmith@gmail.com,415.334.6694x339,2001-12-20,"728 Phelps Lock Suite 625, Lake Charlottefort, IN 21016",701-70-8276,Museum/gallery conservator,Marketing,2016-03-24,146370,Zz2wz.)G
39,John Alvarez,melissa56@hall.com,(122)522-6420,2001-10-06,"1364 Elizabeth Wells Suite 716, North Penny, SD 62534",396-07-7024,"Administrator, Civil Service",Finance,2018-06-11,108711,^Je:ZJ5~
40,Jonathan Acosta,jennifer61@garner-grant.com,001-892-849-5632x589,1991-11-12,"56935 Nicholas Points, Jenniferchester, SC 68249",458-31-1713,"Production assistant, radio",HR,2016-04-13,70829,x/aN6/:d
41,Ricky Taylor,salasstephen@davis.com,001-617-896-7694x65085,2003-04-06,"266 Andrew Branch Apt. 086, East Adrian, TN 27819",414-56-7313,"Horticulturist, commercial",HR,2020-01-12,72635,0dNZc6b2
42,Ernest Green,howeelizabeth@yahoo.com,7945903480,1974-09-17,"22793 Howard Cove, Carolfurt, MA 07340",756-35-4512,Equities trader,Marketing,2019-08-17,97882,"-""]"":0[_"
43,Brenda Morales,pwood@hotmail.com,(181)478-9115x843,1999-08-29,"806 Megan Hill Apt. 188, West Josephside, SC 73867",623-62-9773,Structural engineer,Finance,2023-05-28,67401,$f)X4K2v
44,Elijah Rice,usingh@chambers.com,683.500.9599x465,1966-06-12,"74148 Michael Light, New Dannyfort, IL 66031",233-41-3136,Chiropodist,HR,2021-08-28,91471,e8Baz9zi
45,Joshua Wood,brittanyespinoza@johnson.com,3586958212,1984-01-03,"459 Kim Fields Apt. 595, Steinhaven, MT 97463",261-99-2972,Media buyer,Engineering,2022-09-17,134093,vL41&76>
46,Joanna Adams,ralph90@gmail.com,+1-291-194-4594,2002-04-16,"614 Nicole Prairie Suite 805, South Joshua, FL 98348",484-96-0863,Cabin crew,Finance,2022-08-19,94498,W6CimVqI
47,Teresa Kim,ibrown@bernard.net,+1-111-689-8147x59410,1977-05-14,"28740 Timothy Harbors, Thomasside, CA 25397",507-63-4301,Data processing manager,Finance,2016-10-30,101201,_6v$T&ZL
48,Mrs. Stephanie York,morrisonnicholas@nelson.com,375.415.0799,1995-06-26,"38191 Erin Drives, Lake Michael, NY 48170",872-11-6715,Commissioning editor,Operations,2024-01-16,130429,epT}PrRA
49,Amber Rodriguez,egutierrez@steele.info,547.305.8725x168,1988-03-02,"63124 Karen Orchard, Julieville, WV 25904",531-05-8522,Tourist information centre manager,HR,2020-01-15,56169,!VqT>{u#
50,Diane Fields,nhill@morrison-adams.biz,517.399.6146,1990-07-17,"Unit 4929 Box 2446, DPO AE 63933",340-68-2742,Chartered accountant,IT,2024-06-11,50241,C*$75-|n
51,Donna Williams,wkim@warren.com,885-423-4602,1996-08-28,"Unit 2372 Box 5555, DPO AP 48818",531-25-8362,Commercial art gallery manager,Operations,2018-08-27,91131,oMf9ShS0
52,Tammie Jones,treed@thompson.com,(255)143-0616x37448,1998-03-23,"398 Thompson Cove, West Toniburgh, ID 95129",735-86-4863,Accounting technician,Marketing,2020-02-16,142816,"N8JJn,kR"
53,Scott Bates,zbenjamin@hotmail.com,734-520-3334x3890,1974-04-08,"766 Desiree Throughway, Christopherhaven, GA 83103",232-99-8479,Insurance account manager,Operations,2019-01-11,50970,O|OTw7lU
54,Kevin Brown,mariacamacho@bryant-gray.info,(774)562-8075x68270,1975-09-13,"77361 Blankenship Rapids Apt. 930, Ryanberg, ID 82530",882-54-8478,Interpreter,IT,2016-11-20,133611,J\u<`=^o
55,Nancy Swanson,gregorymathis@mcbride.org,210.537.6112,1993-07-14,"32957 Christina Turnpike Apt. 448, Murphyport, FL 56261",709-91-6104,Maintenance engineer,Marketing,2020-11-26,127671,y#5?*.w2
56,Paige Taylor,dylan83@gmail.com,(278)496-2264x898,1983-01-05,"846 Dana Common Suite 016, Lake Stacey, WA 65154",768-18-8589,Medical illustrator,Marketing,2022-07-19,51019,\ur1tRTG
57,Suzanne Brown,umunoz@hotmail.com,300.665.0033x216,1969-01-21,"252 Harper Rue, Parkerfurt, NH 65306",275-32-6513,"Programmer, multimedia",Finance,2022-12-13,66749,uhequxmL
58,Haley Trujillo,simmonsjeffery@gmail.com,076-455-3326,1985-04-06,"0317 Bullock Inlet Suite 343, Fosterville, OR 79923",383-28-6986,Artist,Sales,2024-07-02,100775,"oY,@wui7"
59,Jeremy Chavez,alexandra31@gmail.com,898-034-9215x045,2001-03-23,"26115 Carter Centers, New Brittanyfurt, ME 87414",746-87-6870,Data processing manager,Marketing,2025-06-01,130896,2P'cI_<Z
60,Spencer Cole,elizabethsmith@gmail.com,172.272.6355x0895,2001-07-04,"75794 Anthony Crest Suite 650, Duaneville, SC 38196",313-66-1082,Personnel officer,HR,2021-08-11,137624,D^O+g#oj
61,Juan Jones,keith39@smith.com,169-595-1145x1004,1984-08-11,"5386 Brandon Groves, Lake Jeffrey, ME 47896",605-47-4884,Health and safety adviser,Engineering,2019-07-20,106421,LCph*q-p
62,Tyler Gomez,gregorygregory@anthony-stephens.org,+1-304-726-6114x968,1981-10-31,"61362 Houston Ferry Apt. 955, West Scott, MI 45814",464-49-9753,Economist,HR,2015-11-01,92469,s-fmV9~$
63,Andrea Wiley,jessica08@hotmail.com,+1-238-273-9242x1779,1991-02-06,"PSC 7733, Box 5987, APO AE 28653",568-25-4773,Hospital pharmacist,IT,2019-07-02,75075,L-9?wUVz
64,Christopher Fox,sarahjames@hotmail.com,068.000.2569x5449,1990-09-19,"43113 Werner Villages, Richardbury, AR 62377",236-59-0611,Architectural technologist,Operations,2017-02-01,147821,"h,y~S!UD"
65,Megan Collier,cglover@fernandez.com,001-937-171-8778x07357,1986-12-31,"30171 Julie Inlet Suite 551, Oscarborough, CA 48223",156-78-8865,Cytogeneticist,Marketing,2025-05-16,83754,t2I^eE|d
66,Marcus Brown,troy32@gmail.com,(364)774-3424x9846,1987-09-07,"024 Brown Burg Suite 077, New Shawn, VA 20410",139-58-2019,Tourism officer,Engineering,2020-09-15,102499,9%hQMLuu
67,Jennifer Greene,meganhill@tate-brown.net,+1-423-567-9119,1967-01-26,"02353 Rose Spurs, East Cathy, MD 21060",727-65-7904,Chiropractor,Finance,2021-11-23,145704,^xAO9|yN
68,Sandy Landry,patriciaweiss@hobbs.com,001-158-660-8130,1988-10-31,"74457 Smith Landing Suite 250, Lake Erin, SD 84100",694-56-9577,"Designer, ceramics/pottery",IT,2017-10-15,63839,<0aq5r)$
69,Tony Perez,wayne07@hotmail.com,202.523.9590,2003-04-01,"Unit 9904 Box 8597, DPO AP 34160",689-74-7326,Tax inspector,Finance,2025-02-11,88449,Q'~eQ1B{
70,Jennifer Cruz,amberowens@howell-bennett.net,+1-362-493-3468,1969-12-19,"26294 Johnson Locks Apt. 522, Port Mirandaside, ND 33793",001-29-2570,Estate manager/land agent,IT,2021-09-14,80941,>?X<HG[T
71,Steven Brooks,brendasmith@gmail.com,(034)079-9781,1965-06-13,"PSC 9587, Box 2476, APO AA 02836",869-68-9430,Pathologist,HR,2022-11-30,86470,s\Axs_RG
72,Brett Lopez,michael61@clarke.com,550-856-1171,1965-08-08,"4255 Hunt Island Suite 721, Port Barbara, OR 11376",258-10-6175,Architect,Engineering,2023-01-10,64234,>$w$pl=[
73,Thomas Roberts,garyfleming@yahoo.com,+1-575-942-6833,1974-03-12,"13721 James Via Suite 229, New Thomas, KS 29926",217-99-6611,"Editor, magazine features",Finance,2017-08-26,89351,"}$p6,lLF"
74,Adam Morales,turnerbriana@cooper-torres.com,8599942264,1999-05-31,"845 Duncan Camp, Smithtown, MT 05227",375-71-4114,Musician,Marketing,2025-03-03,89309,vCw6qFBT
75,Nicholas Conley,jennifer10@yahoo.com,001-940-961-5477x3262,1994-09-15,"9321 Simpson Valley, West Brandon, AL 89571",383-28-9925,Industrial buyer,Finance,2021-04-04,131059,LEz3^6?N
76,Jack Wilson,jameswolfe@gmail.com,001-430-020-6229x91471,1985-02-24,"4727 Kimberly Plain, East Susan, CA 38489",520-15-7074,Neurosurgeon,Marketing,2025-05-11,52590,]L352cg_
77,Daniel Brewer,sanchezronald@yahoo.com,+1-468-298-4929x96719,1978-01-01,"39453 Natalie Forges Suite 702, Lake Ryanmouth, HI 89759",244-14-6967,Building services engineer,Sales,2021-04-25,95120,Xl/cz@I%
78,Scott Bolton,rfrazier@gmail.com,+1-868-312-5601x083,1976-04-21,"68213 Hoover Ridge, South Daniel, GA 95889",702-64-8735,Museum/gallery exhibitions officer,HR,2017-10-07,98083,PUZe-jU5
79,Diane Taylor,hamiltonjudy@ramos.net,217.011.3239x510,1977-04-10,"988 Oscar Spur Apt. 320, Mirandamouth, SD 25002",580-77-1753,"Production assistant, television",Marketing,2016-07-07,95123,'h!Jy}63
80,Susan Perez,ddiaz@gmail.com,+1-955-349-8495x23830,1978-07-28,"22535 Sarah Points Suite 898, South Scott, VA 90862",457-74-0303,Geoscientist,HR,2019-10-08,97239,"M3,qLs~w"
81,Aaron Bishop,fpalmer@gmail.com,001-459-630-1580x571,1986-07-24,"6823 Nicholas Roads, Christinashire, VA 67702",154-37-7218,"Psychologist, forensic",HR,2018-11-16,133163,"ZYv[,rjK"
82,Cynthia Kim,amy70@benson-gutierrez.info,(038)244-1386,1971-11-10,"65731 Thomas Pass, Lake Caitlin, KS 10108",705-25-1651,"Physicist, medical",Finance,2018-04-13,122521,",xM3MBM9"
83,Holly Downs,greenetravis@hotmail.com,763.550.9146,1981-08-11,"17573 Johnson Oval Suite 942, North Dustin, IA 94696",032-31-2218,Press sub,IT,2018-11-18,57546,~V{CvyM|
84,Steven Chandler,wfuentes@hotmail.com,(653)945-2786x06308,1990-08-07,"2183 Guerrero Bridge, Michelleborough, MI 35720",008-74-7367,Building surveyor,Engineering,2018-05-02,117093,|G|+6f+~
85,Andrew Warren,christensenchristopher@yahoo.com,+1-747-949-6477x26090,1967-05-08,"9073 Clark Roads Suite 971, Stephentown, AK 34320",303-34-1168,Insurance underwriter,Finance,2021-04-30,82576,(AO&X4hd
86,Kaitlin Watson,evancharles@hotmail.com,3360372759,1990-07-23,"2436 Martin Green Apt. 359, Rodrigueztown, ID 86276",175-12-2144,"Therapist, drama",Operations,2018-01-17,77531,r1Ty#k|^
87,Michael Ward,douglas40@jackson.info,661-575-4726x21225,1986-04-05,"59582 John Street Suite 361, New Jonathan, IL 82890",459-84-0268,Patent attorney,Finance,2019-11-19,69604,^aR8i4G?
88,Jason Robinson,bharvey@haley.com,526.409.6407,1966-09-01,"509 Amy Squares Suite 689, New David, WY 73701",411-22-6254,"Horticulturist, commercial",Finance,2019-10-19,93968,"s""JNy7@5"
89,Roy Richardson,steven52@yahoo.com,(758)521-2736,1999-06-27,"04190 Morgan Place, Robertport, LA 63357",377-92-1115,"Social research officer, government",Finance,2021-10-31,129669,Oy':slQd
90,Sharon Valdez,clambert@robinson.com,+1-399-338-3975x03082,1970-10-23,"66161 Jodi Heights, West Cynthia, DC 89749",766-96-3297,Geophysical data processor,IT,2020-07-08,125716,);wnRI]I
91,Joann Lewis,gutierrezstacey@gmail.com,+1-649-748-4116x59748,1995-12-02,"502 Heather Route, Jonesport, OR 45481",253-94-0147,Forest/woodland manager,IT,2021-10-06,111558,(QrEYK<5
92,Julie Sanders,moranbryan@anderson.com,450.855.6302x286,1982-12-15,"Unit 3209 Box 5943, DPO AP 92106",600-16-2149,"Surveyor, rural practice",Operations,2020-04-19,71354,"?""TCV|a^"
93,Christian Gould,katelyn94@fisher-burton.com,(578)934-4444x0744,1975-09-22,"326 Jeremiah Wells, Lake Jasonview, SD 70304",507-46-1855,Magazine journalist,Finance,2022-06-26,63146,l/8A+S9d
94,Robert Robinson,alexthomas@henderson.com,001-659-304-5622x3428,1968-08-29,"4684 Parker River, Hamiltonfurt, HI 84896",237-25-7896,Hotel manager,HR,2022-09-03,146651,EP9sV+$&
95,Nicole Holmes,melissatorres@gmail.com,001-441-639-9173x966,1990-10-19,"4072 Hale Way, New Katelyn, AR 47847",415-79-5113,Materials engineer,Engineering,2018-09-18,53016,(HF`r)Pb
96,Mrs. Penny Vazquez MD,bboone@carlson.info,+1-725-251-9260,1981-06-09,"76216 Scott Streets Apt. 002, South Kirkshire, ID 49542",086-39-3213,Cytogeneticist,Sales,2020-11-11,50827,Xtk'.Th1
97,Shelly Reyes,srollins@hotmail.com,052.178.7950x4828,1987-06-10,"66185 Larry Camp, Port Michael, AK 97718",636-17-5206,Building services engineer,IT,2020-04-18,87511,B+o^'x`W
98,Robert Tran,eric90@hotmail.com,(188)226-9022x5608,2000-07-05,"8875 Michelle Pines, Brittanyfort, WI 26691",112-25-9708,"Physicist, medical",Marketing,2018-09-03,63490,sO<:4Gqw
99,Jessica Casey,anna67@gmail.com,914-969-4992x574,1971-09-14,"869 Alisha Cove, Franciscohaven, WI 39598",234-86-6948,Medical laboratory scientific officer,Marketing,2024-04-27,55571,`O1LWN:H
100,Danielle Ramirez,cmorrow@hotmail.com,001-477-679-2202x004,1985-02-06,"USNV Kelly, FPO AA 62015",407-63-0639,Magazine journalist,HR,2024-10-24,76142,wYZ7lXK?
